{
  "epoch": 11,
  "train_loss": 4.761434358434006,
  "train_cls_acc": 0.5360708621683967,
  "val_ver_acc": 0.9106666666666666,
  "threshold": 0.19400000000000006
}